,score,algorithm,n_neighbors,p,weights,highest_score
0,0.5410514141877987,ball_tree,8,1,distance,0.5410514141877987
1,0.5556381903761344,ball_tree,9,1,distance,0.5556381903761344
2,0.5629984913818157,ball_tree,10,1,distance,0.5629984913818157
3,0.5410514141877987,kd_tree,8,1,distance,0.5410514141877987
4,0.5556381903761344,kd_tree,9,1,distance,0.5556381903761344
5,0.5629984913818157,kd_tree,10,1,distance,0.5629984913818157
