,score,bootstrap,criterion,max_features,n_estimators,highest_score
0,0.5749950451732689,True,gini,,50,0.6284662245355624
1,0.5797274661594014,True,gini,,100,0.6518898297886325
