,score,bootstrap,criterion,max_features,n_estimators,highest_score
0,0.578930707780438,True,gini,,50,0.6001907317710137
1,0.575849653810465,True,gini,,100,0.6080403587669742
