,score,bootstrap,criterion,max_features,n_estimators,highest_score
0,0.6476523130486531,True,gini,,50,0.6476523130486531
1,0.6317865908050649,True,gini,,100,0.6317865908050649
