,score,activation,hidden_layer_sizes,learning_rate_init,max_iter,solver,highest_score
0,0.6824496264231557,logistic,"(100, 25)",0.001,400,adam,0.7417203017004882
1,0.49239365277042674,logistic,"(100, 25)",0.01,400,adam,0.7006042058551859
2,0.6913448438784043,logistic,"(150, 35)",0.001,400,adam,0.7577347066029376
3,0.5177322223659216,logistic,"(150, 35)",0.01,400,adam,0.6407496012759172
4,0.6921231098869376,logistic,"(200, 50)",0.001,400,adam,0.7529556747812326
5,0.5355570651694807,logistic,"(200, 50)",0.01,400,adam,0.6801154199231897
