,score,algorithm,n_neighbors,p,weights,highest_score
0,0.5900485897502652,ball_tree,8,1,distance,0.6641339643473766
1,0.5859638718414183,ball_tree,9,1,distance,0.6641400240941525
2,0.5827520150388455,ball_tree,10,1,distance,0.6358445566778901
3,0.5900485897502652,kd_tree,8,1,distance,0.6641339643473766
4,0.5859638718414183,kd_tree,9,1,distance,0.6641400240941525
5,0.5827520150388455,kd_tree,10,1,distance,0.6358445566778901
