,score,C,max_iter,multi_class,penalty,solver,highest_score
0,0.6343779845940527,1.0,200,auto,l2,lbfgs,0.7258177023842736
1,0.6596818338766313,1.0,200,auto,l2,saga,0.7180973114935378
2,0.6366318561416473,0.5,200,auto,l2,lbfgs,0.7183373105362784
3,0.6596709058088186,0.5,200,auto,l2,saga,0.7180973114935378
4,0.637498331853011,0.2,200,auto,l2,lbfgs,0.7078574577903467
5,0.6596526010443057,0.2,200,auto,l2,saga,0.7180973114935378
