,score,activation,hidden_layer_sizes,max_iter,solver,highest_score
0,0.6813333975615248,logistic,"(100,)",400,adam,0.7522520909336325
1,0.6760842265542883,logistic,"(100,)",500,adam,0.7345304648763769
2,0.6830138259317405,logistic,"(150,)",400,adam,0.754334743155384
3,0.6849366667186814,logistic,"(150,)",500,adam,0.7336231681854276
4,0.6895733624912468,logistic,"(200,)",400,adam,0.7389417094824603
5,0.6807854240521799,logistic,"(200,)",500,adam,0.7376083838772542
