,score,bootstrap,criterion,max_features,n_estimators,highest_score
0,0.6897932374358702,True,gini,,50,0.7385659881623203
1,0.6862767306265833,True,gini,,100,0.7328250858377713
