,score,bootstrap,criterion,max_features,n_estimators,highest_score
0,0.6349319222637279,True,gini,,50,0.7033523653300507
1,0.63391098427026,True,gini,,100,0.6967342514902212
