,score,activation,hidden_layer_sizes,learning_rate_init,max_iter,solver,highest_score
0,0.5777893442870311,logistic,"(100, 25)",0.001,400,adam,0.6193085588777572
1,0.5615754393077901,logistic,"(100, 25)",0.01,400,adam,0.6201461114842449
2,0.5820684585918632,logistic,"(150, 35)",0.001,400,adam,0.6264137729757936
3,0.5550227939197999,logistic,"(150, 35)",0.01,400,adam,0.6136512788986811
4,0.5749884483254165,logistic,"(200, 50)",0.001,400,adam,0.6212893776608498
5,0.5492170851775473,logistic,"(200, 50)",0.01,400,adam,0.6261950296329498
