,score,algorithm,n_neighbors,p,weights,highest_score
0,0.537071868822715,ball_tree,8,1,distance,0.5879725363538519
1,0.5432404120636928,ball_tree,9,1,distance,0.6031770869859971
2,0.542806204816841,ball_tree,10,1,distance,0.6143482263706516
3,0.5367989497161021,kd_tree,8,1,distance,0.5879725363538519
4,0.5432330103460584,kd_tree,9,1,distance,0.6031770869859971
5,0.5427431380805561,kd_tree,10,1,distance,0.6109256803763089
