,score,C,max_iter,multi_class,penalty,solver,highest_score
0,0.5624588139220631,1.0,200,auto,l2,lbfgs,0.6265538259429236
1,0.5856941849554523,1.0,200,auto,l2,saga,0.65284981633943
2,0.5625225871008016,0.5,200,auto,l2,lbfgs,0.6370157958523366
3,0.5854922547418819,0.5,200,auto,l2,saga,0.6525013368049796
4,0.5632479359370558,0.2,200,auto,l2,lbfgs,0.62968183336016
5,0.5857014405118209,0.2,200,auto,l2,saga,0.6562504309712477
