,score,activation,hidden_layer_sizes,max_iter,solver,highest_score
0,0.5796931702150374,logistic,"(100,)",400,adam,0.6211121271377477
1,0.5772153429453408,logistic,"(100,)",500,adam,0.636004743617031
2,0.5762861000605973,logistic,"(150,)",400,adam,0.6223978257226338
3,0.5788353838109044,logistic,"(150,)",500,adam,0.6191839791664313
4,0.5767065808954716,logistic,"(200,)",400,adam,0.6282968759903372
5,0.5755428071674044,logistic,"(200,)",500,adam,0.6271318665060467
